country,cntry,year,mcosmo,mutil,mcomm,mlib,mpos,mneg,n_cy,growth,unemp,bailout
Austria,AT,2004,0.3644239563253648,0.07217356196229435,0.3095752043542233,0.20477433903854497,0.43659751828765914,0.5143495433927683,2059,2.735120222,5.829999924,0
Austria,AT,2005,0.368028643523693,0.0808023879311008,0.3357254736462657,0.19465141569101965,0.4488310314547938,0.5303768893372853,2020,2.2440653250000002,5.6300001140000004,0
Austria,AT,2006,0.3593750044340015,0.08713344996530838,0.33513307679974347,0.19770950124932427,0.44650845439930986,0.5328425780490678,1017,3.454041836,5.239999771,0
Austria,AT,2007,0.3892305847795462,0.08783143716378138,0.30636130272628787,0.18987044387637858,0.4770620219433276,0.4962317466026665,1011,3.727415301,4.860000134,0
Austria,AT,2008,0.3810918335007202,0.0792001668936267,0.2973820668154168,0.2128701165146497,0.46029200039434687,0.5102521833300665,2003,1.460423676,4.1300001140000004,0
Austria,AT,2009,0.3891717721329372,0.08065608609297929,0.3250238030577836,0.1896143581337756,0.4698278582259165,0.5146381611915593,1030,-3.764578178,5.300000191,0
Austria,AT,2010,0.3503558164058164,0.07047047952047952,0.34221054778554777,0.22346315628815627,0.42082629592629595,0.5656737040737041,2000,1.837093677,4.820000172,0
Austria,AT,2011,0.3588901783924072,0.07508284049888804,0.32378589573983335,0.2184669397522295,0.43397301889129525,0.5422528354920628,2019,2.922797284,4.559999943,0
Austria,AT,2012,0.3551575326877442,0.08191425895353388,0.3237213972108232,0.22812926834830158,0.437071791641278,0.5518506655591248,1986,0.680445577,4.8699998859999996,0
Austria,AT,2013,0.3861347944681278,0.08029019417908306,0.30749454638343526,0.20906344795233683,0.4664249886472109,0.5165579943357721,999,0.025504712,5.340000153,0
Belgium,BE,2004,0.48527540072102004,0.09405173544146354,0.2443142806058214,0.1184532458701643,0.5793271361624835,0.3627675264759857,1986,3.571204343,7.360000134,0
Belgium,BE,2005,0.5130976991278374,0.09771116427489945,0.23910115877754218,0.1209397801912624,0.6108088634027369,0.36004093896880457,2024,2.321737054,8.43999958,0
Belgium,BE,2006,0.5195871720871721,0.09997926093514328,0.22734477940360293,0.11681427777016012,0.6195664330223154,0.34415905717376305,1020,2.552349944,8.25,0
Belgium,BE,2007,0.5236483677878336,0.1237696966183613,0.20565463495730557,0.1083516329807131,0.647418064406195,0.31400626793801867,1011,3.676881136,7.4600000380000004,0
Belgium,BE,2008,0.5370533636493736,0.14336914263348177,0.17749422370370002,0.11564935480147451,0.6804225062828554,0.29314357850517453,2005,0.446928735,6.980000019,0
Belgium,BE,2009,0.47785043540510735,0.09939488112947358,0.21840292742380218,0.15564400256249164,0.577245316534581,0.3740469299862938,1006,-2.020743062,7.909999847,0
Belgium,BE,2010,0.4724559872997373,0.09718399710959234,0.23133909052807863,0.15586616315782983,0.5696399844093296,0.38720525368590847,2016,2.864292708,8.289999962,0
Belgium,BE,2011,0.4739498348873349,0.1001634934618333,0.2193387070828477,0.1689503083179841,0.5741133283491682,0.3882890154008318,2048,1.694513899,7.139999866,0
Belgium,BE,2012,0.42906727691967367,0.08746678623280427,0.249925371259021,0.17373990113667379,0.516534063152478,0.4236652723956948,2107,0.739217283,7.5399999619999996,0
Belgium,BE,2013,0.43108505512256745,0.0948247677517174,0.23827255885498727,0.16967744058069822,0.5259098228742849,0.4079499994356855,1013,0.459242193,8.430000305,0
Bulgaria,BG,2004,0.4949740719661038,0.2488482577626004,0.11075460064503889,0.04880952380952381,0.7438223297287042,0.1595641244545627,1004,6.510426379,12.03999996,0
Bulgaria,BG,2005,0.5047576178705451,0.24391920747789989,0.1239442372057528,0.05159884829275617,0.7486768253484449,0.17554308549850897,2019,7.056347526,10.07999992,0
Bulgaria,BG,2006,0.49810710909233075,0.2515001528302021,0.12715629198387818,0.04737437712807171,0.7496072619225329,0.1745306691119499,1015,6.802589382,8.949999809,0
Bulgaria,BG,2007,0.6144953939227279,0.18605114808194692,0.09354156163588309,0.04335174236521686,0.8005465420046748,0.13689330400109995,1039,6.591380837,6.8800001140000004,0
Bulgaria,BG,2008,0.5972160898257608,0.19571404833119688,0.068794806058016425,0.0480457437212173,0.7929301381569577,0.11684054977923372,2006,6.116017964,5.610000134,0
Bulgaria,BG,2009,0.6080772292081816,0.19924893779060446,0.09280564288004764,0.04629676154973774,0.807326166998786,0.1391024044297854,1008,-3.271854279,6.820000172,0
Bulgaria,BG,2010,0.599313492063492,0.16982242063492065,0.1275906746031746,0.06577341269841269,0.7691359126984127,0.1933640873015873,2000,1.541801443,10.27999973,0
Bulgaria,BG,2011,0.6205190230527226,0.1654914453716251,0.10765201404242843,0.06489967429807669,0.7860104684243476,0.1725516883405051,2003,2.10120575,11.26000023,0
Bulgaria,BG,2012,0.6209462279698036,0.1577049015162964,0.09835605619004441,0.07780617385234281,0.7786511294861,0.1761622300423872,2036,0.754930386,12.27000046,0
Bulgaria,BG,2013,0.6235966495441714,0.1337313156555139,0.09598701158467922,0.07379872583954217,0.7573279651996853,0.1697857374242214,1029,-0.560493966,12.93999958,0
Cyprus,CY,2004,0.5888759407259407,0.12603005883005883,0.17799020424020423,0.06510379620379621,0.7149059995559995,0.24309400044400045,500,5.026343926,4.329999924,0
Cyprus,CY,2005,0.575582271088726,0.1120502304712831,0.2428726272072846,0.057578287320094665,0.687632501560009,0.30045091452737926,1007,4.853003838,5.300000191,0
Cyprus,CY,2006,0.5945798503490811,0.11230941423249115,0.21402899095206787,0.055413105413105415,0.7068892645815723,0.2694420963651733,507,4.713828666,4.5399999619999996,0
Cyprus,CY,2007,0.5253133210304525,0.11879394399314717,0.27518447134981,0.06078794490149072,0.6441072650235997,0.3359724162513007,502,5.098068453,3.920000076,0
Cyprus,CY,2008,0.5678132057724907,0.11395869660517129,0.23563641202668015,0.05875851777043435,0.681771902377662,0.2943949297971145,1007,3.646811991,3.6500000950000002,0
Cyprus,CY,2009,0.5099762446600391,0.11737576213860798,0.31186205647668097,0.05485708296973119,0.6273520067986471,0.36671913944641216,506,-2.015262359,5.360000134,0
Cyprus,CY,2010,0.46942658945626303,0.09281877864963918,0.35249787304683444,0.07635468169592799,0.5622453681059022,0.42885255474276246,1011,2.014695707,6.260000229,0
Cyprus,CY,2011,0.46037814313933717,0.10675897623658817,0.3564387381551561,0.06348881908583401,0.5671371193759254,0.41992755724099007,1005,0.401437941,7.860000134,0
Cyprus,CY,2012,0.37395575654504226,0.07783886913351198,0.4436831824480634,0.09063330298449346,0.4517946256785543,0.5343164854325568,1008,-3.446822086,11.80000019,0
Cyprus,CY,2013,0.36906115886313906,0.05283018411731283,0.4673930415019524,0.08497304126016997,0.4218913429804519,0.5523660827621224,505,-6.553078255,15.86999989,1
Czechia,CZ,2004,0.4929464256673559,0.104348220255197,0.2334073704073704,0.14697240227472785,0.5972946459225529,0.38037977268209827,1075,4.814261001,8.210000038,0
Czechia,CZ,2005,0.5005888879886206,0.10878830641531176,0.20099815637917243,0.15798472051814297,0.6093771944039323,0.3589828768973154,2244,6.60161753,7.929999828,0
Czechia,CZ,2006,0.5201502045603169,0.10959518269911528,0.18639062508444532,0.14453814495949327,0.6297453872594322,0.33092877004393856,1068,6.766932681,7.150000095,0
Czechia,CZ,2007,0.5320651224773948,0.0973838721202096,0.19219918783677173,0.1543824982942912,0.6294489945976044,0.34658168613106294,1043,5.570338859,5.320000172,0
Czechia,CZ,2008,0.5157056559997737,0.09283954743513567,0.19754850677644795,0.1458670741023682,0.6085452034349094,0.3434155808788162,2040,2.686411951,4.389999866,0
Czechia,CZ,2009,0.511646394956054,0.09203049160435524,0.20585290130744677,0.16016718182911366,0.6036768865604093,0.3660200831365604,1056,-4.657331092,6.659999847,0
Czechia,CZ,2010,0.469711179882329,0.06548876144230667,0.23659986576856992,0.19592635427598754,0.5351999413246357,0.43252622004455743,2045,2.434902159,7.28000021,0
Czechia,CZ,2011,0.430251012711487,0.05890931504814904,0.24978112988241447,0.2264735621207953,0.4891603277596361,0.4762546920032098,2024,1.760359624,6.7100000380000004,0
Czechia,CZ,2012,0.432890195147053,0.047952935122511184,0.21420199501246884,0.24809701935637096,0.48084313026956416,0.4622990143688398,2005,-0.785004299,6.980000019,0
Czechia,CZ,2013,0.45192080923849154,0.0502444968728685,0.20423834684573944,0.24364629709285054,0.50216530611136,0.44788464393859,1001,-0.045903674,6.949999809,0
Germany,DE,2004,0.45508613396687553,0.04518348281491613,0.2950370158034796,0.1723192666953043,0.5002696167817916,0.46735628249878386,3614,1.175088132,10.72999954,0
Germany,DE,2005,0.49055714986461546,0.055162312947185245,0.2702231480227551,0.1667030997089936,0.5457194628118007,0.4369262477317487,3054,0.731707164,11.17000008,0
Germany,DE,2006,0.5051529510245106,0.04391262407317453,0.25819936943790156,0.17569704760071733,0.5490655750976852,0.43389641703861886,1526,3.816441913,10.25,0
Germany,DE,2007,0.5092718931945633,0.04770046359603531,0.22730115408568813,0.19655927167493592,0.5569723567905986,0.42386042576062405,1513,2.976455131,8.659999847,0
Germany,DE,2008,0.4851556431948589,0.04986040919864449,0.23439550645433,0.2037910555312516,0.5350160523935034,0.4381865619855816,3060,0.959879134,7.519999981,0
Germany,DE,2009,0.5172264052548068,0.05563774805848782,0.19421746058139716,0.199232785048505,0.5728641533132947,0.39345024562990216,1514,-5.693836336,7.739999771,0
Germany,DE,2010,0.4531916893392566,0.0432109397218232,0.21446793354603855,0.2567990916822543,0.49640262906107974,0.47126702522829284,3124,4.179882499,6.96999979,0
Germany,DE,2011,0.44573488394672905,0.05023410259336065,0.20272494345875405,0.27266955844892715,0.4959689865400897,0.47539450190768123,3073,3.925192705,5.820000172,0
Germany,DE,2012,0.4568047152658771,0.046902417643279265,0.2101106809494538,0.2626834916244185,0.5037071329091564,0.4727941725738723,3064,0.418497594,5.3800001140000004,0
Germany,DE,2013,0.4398975059689345,0.044692378620950046,0.21756613899471042,0.26888644745787604,0.4845898845898846,0.48645258645258643,1554,0.437591303,5.230000019,0
Denmark,DK,2004,0.46906697291312677,0.10487244237244236,0.20569837925607157,0.18732473011319165,0.5739394152855691,0.3930231093692632,2028,2.668219267,5.199999809,0
Denmark,DK,2005,0.4947166957968686,0.1123714859312555,0.2103363724343081,0.15089037622643,0.6070881817281241,0.3612267486607381,2083,2.336641308,4.829999924,0
Denmark,DK,2006,0.5040915819189629,0.12096503584598822,0.17965826061064155,0.15857877241805812,0.6250566177649511,0.3382370330286997,1008,3.913007978,3.9000000950000002,0
Denmark,DK,2007,0.5464329471814502,0.11301104916374377,0.17590069611027695,0.13770919976009796,0.6594439963451939,0.3136098958703749,1002,0.909238928,3.799999952,0
Denmark,DK,2008,0.5289841754443524,0.095649128539984,0.20254600638081463,0.14922186957585187,0.6246333039843365,0.35176787595666653,2034,-0.512016745,3.680000067,0
Denmark,DK,2009,0.47976335846614176,0.08812201163095795,0.24050169512396152,0.16477396857615545,0.5678853700970997,0.405275663700117,1006,-4.90654773,6.409999847,0
Denmark,DK,2010,0.497700541730211,0.07416259972193824,0.26031937690498,0.14058012755726762,0.5718631414521492,0.40089950446224765,2056,1.870991147,7.75,0
Denmark,DK,2011,0.516749395060407,0.0782716883535336,0.21513122156723347,0.16653420295533392,0.5950210834139406,0.38166542452256735,2016,1.336777767,7.769999981,0
Denmark,DK,2012,0.5232902210118345,0.060274577679956164,0.21029529346262413,0.17675743772606323,0.5835647986917907,0.3870527311886874,2008,0.226499792,7.800000191,0
Denmark,DK,2013,0.5162493283388806,0.06545962881783778,0.2395731383044816,0.1627975065288498,0.5817089571567183,0.4023706448333314,1005,0.933340972,7.3800001140000004,0
Estonia,EE,2004,0.4358792041292041,0.11787390387390387,0.1857563936063936,0.21049049839049838,0.553753108003108,0.396246891996892,1000,6.804007771,10.25,0
Estonia,EE,2005,0.42194207868870537,0.10092785913625493,0.1841293902388355,0.22053690382026214,0.5228699378249603,0.40466629405909765,2001,9.526426972,8.029999733,0
Estonia,EE,2006,0.4307564358462562,0.09854643582188492,0.1723847482081015,0.21048802882635217,0.5293028716681412,0.38287277703445366,1002,9.76558337,5.909999847,0
Estonia,EE,2007,0.614430588758947,0.09141015700717194,0.10667987623211504,0.1098674377032586,0.7058407457661189,0.21654731393537363,1005,7.57914052,4.590000153,0
Estonia,EE,2008,0.6018036010184564,0.07751875769074174,0.12242998084224405,0.11250488876361259,0.6793223587091982,0.23493486960585663,2006,-5.132000958,5.449999809,0
Estonia,EE,2009,0.6077099768716535,0.0755861293286443,0.13492142698729526,0.116912207331369,0.6832961062002978,0.25183363431866423,1002,-14.62905503,13.55000019,0
Estonia,EE,2010,0.5838988997113997,0.06835023448773449,0.14521789321789322,0.12253297258297258,0.6522491341991342,0.2677508658008658,2000,2.444265118,16.70999908,0
Estonia,EE,2011,0.5362006593284676,0.05648154751998986,0.159326486460785,0.1586253556173676,0.5926822068484575,0.31795184207815264,2003,7.263084581,12.32999992,0
Estonia,EE,2012,0.5573174426394596,0.05368508592422721,0.13049124420816882,0.17712829412779488,0.6110025285636869,0.30761953833596367,2003,3.228200494,10.02000046,0
Estonia,EE,2013,0.5448330445336433,0.04499837321693609,0.11860025370504412,0.18278589341463594,0.5898314177505795,0.30138614711968004,1002,1.458428636,8.630000114,0
Spain,ES,2004,0.5577226009010487,0.1545050078169208,0.09835224093751034,0.073256037640615,0.7122276087179695,0.17160827857812533,2023,3.122795242,11.09000015,0
Spain,ES,2005,0.5146694567489074,0.11253973942791991,0.09708284467970589,0.07266725291492335,0.6272091961768274,0.16975009759462922,2039,3.652032674,9.149999619,0
Spain,ES,2006,0.4958676343004701,0.13112878000937703,0.07753894530013933,0.05864871999200357,0.6269964143098471,0.1361876652921429,1005,4.102727115,8.449999809,0
Spain,ES,2007,0.5064650793650793,0.12713531746031745,0.10893730158730158,0.07246230158730159,0.6336003968253968,0.18139960317460319,1000,3.604687971,8.229999542,0
Spain,ES,2008,0.5016815793377525,0.09671218544804379,0.14293931870173876,0.07470233215437347,0.5983937647857963,0.21764165085611223,2033,0.887145182,11.25,0
Spain,ES,2009,0.6026960784313725,0.1832282913165266,0.0542483660130719,0.06865079365079366,0.7859243697478991,0.12289915966386554,1020,-3.763231927,17.86000061,0
Spain,ES,2010,0.4618772248069707,0.10123701244777478,0.15623720657352944,0.1361542861169169,0.5631142372547455,0.29239149269044634,2007,0.163010231,19.86000061,0
Spain,ES,2011,0.45393938098754383,0.08756903749455884,0.17084648910617134,0.1496113287573069,0.5415084184821027,0.3204578178634782,2014,-0.814373455,21.38999939,0
Spain,ES,2012,0.4192296617122661,0.08389740919561993,0.15042779040045443,0.19236959197197764,0.503127070907886,0.34279738237243207,2012,-2.959441302,24.79000092,1
Spain,ES,2013,0.39100181607600004,0.05590491770016993,0.1893860068934253,0.21237194775770443,0.44690673377616996,0.40175795465112973,1011,-1.435394259,26.09000015,1
Finland,FI,2004,0.4806391566111054,0.05525120794559771,0.19606510478803785,0.2276901999465976,0.5358903645567031,0.42375530473463546,2032,3.99209129,10.35999966,0
Finland,FI,2005,0.46795145373361746,0.05387296129255194,0.205958696382673,0.2415151342051927,0.5218244150261694,0.44747383058786566,2052,2.779850556,8.380000114,0
Finland,FI,2006,0.45414984838444084,0.05610274141586269,0.191809962734416,0.2561879444831731,0.5102525898003035,0.44799790721758914,1006,4.027409658,7.71999979,0
Finland,FI,2007,0.4915041899868489,0.056864926445851303,0.1456662690766737,0.2539414931033428,0.5483691164327003,0.39960776218001653,1038,5.299336507,6.849999905,0
Finland,FI,2008,0.4825240703851262,0.06453768260292164,0.1504037421741605,0.2412795247581104,0.5470617529880478,0.3916832669322709,2008,0.783995061,6.3699998859999996,0
Finland,FI,2009,0.48783073780617986,0.06845136145234378,0.14912206054151045,0.2513738362706929,0.5562820992585236,0.40049589681220327,1018,-8.074447432,8.25,0
Finland,FI,2010,0.4680778468789436,0.059239086768997036,0.15995935769116226,0.2723448452511264,0.5273169336479406,0.43230420294228866,2006,3.185958654,8.390000343,0
Finland,FI,2011,0.4839241639491016,0.06594855961439502,0.15568645541214118,0.25703433723383845,0.5498727235634966,0.41272079264597966,2005,2.547664838,7.78000021,0
Finland,FI,2012,0.44859554456168,0.0634856787745234,0.15881046935578808,0.2867776300171718,0.5120812233362034,0.4455880993729599,2008,-1.397545728,7.690000057,0
Finland,FI,2013,0.46316640994988273,0.06570464925590448,0.15292296325246116,0.2774109984622537,0.5288710592057873,0.43033396171471483,956,-0.901696316,8.18999958,0
France,FR,2004,0.5485824757771791,0.07324492030230137,0.2239456853973774,0.11989636432991019,0.6218273960794805,0.3438420497272876,2039,2.829752929,8.909999847,0
France,FR,2005,0.5526791216919866,0.05513629671224921,0.2452349083101186,0.12418866388435908,0.6078154184042358,0.3694235721944777,2021,1.66321998,8.489999771,0
France,FR,2006,0.5655349008290185,0.05002189259542201,0.2222080397815692,0.13772536287242168,0.6155567934244405,0.3599334026539909,1020,2.449323601,8.449999809,0
France,FR,2007,0.5679512655820652,0.0574884367579333,0.21847073897912989,0.1323975547322043,0.6254397023399985,0.35086829371133416,1013,2.424736243,7.659999847,0
France,FR,2008,0.5818958738407214,0.052566591608681594,0.1876971426681151,0.1405883357625012,0.634462465449403,0.3282854784306163,2067,0.25494596,7.059999943,0
France,FR,2009,0.5546691147437416,0.05548092868988391,0.1884482350153992,0.1695609255310748,0.6101500434336256,0.35800916054647397,1005,-2.873313828,8.739999771,0
France,FR,2010,0.5458416421451441,0.04480217010615843,0.19592696403250878,0.17354595523369842,0.5906438122513025,0.3694729192662072,2056,1.949437623,8.869999886,0
France,FR,2011,0.5020326875051668,0.049970173788975544,0.20663863657044368,0.2009298611222625,0.5520028612941423,0.40756849769270614,2053,2.192700633,8.81000042,0
France,FR,2012,0.5265116879260799,0.05337661649076041,0.207799462737428,0.18600950331719562,0.5798883044168404,0.3938089660546236,2015,0.313134751,9.399999619,0
France,FR,2013,0.49258091706570606,0.046580752689683015,0.22069242228712296,0.19107819451293445,0.539161669755389,0.41177061680005744,1019,0.576326675,9.9200000760000009,0
United Kingdom,GB,2004,0.3799868149189672,0.0820617115848929,0.21547684212591864,0.18451760159261102,0.4620485265038601,0.39999444371852966,2653,2.355629762,4.590000153,0
United Kingdom,GB,2005,0.36148002832479775,0.0730654516087587,0.21900181329315188,0.19834622008412783,0.4345454799335564,0.4173480333772797,2667,2.59328001,4.75,0
United Kingdom,GB,2006,0.37542485884711496,0.07328593027907052,0.20734537312281215,0.2075109109217341,0.44871078912618545,0.4148562840445462,1312,2.584104677,5.349999905,0
United Kingdom,GB,2007,0.3730256791477413,0.07095389657937043,0.23109802757262954,0.1823901753204255,0.4439795757271117,0.41348820289305505,1319,2.269486875,5.260000229,0
United Kingdom,GB,2008,0.3329501504616271,0.06852070292200362,0.22804354108868263,0.19795308831269046,0.40147085338363075,0.42599662940137306,2614,-0.239638085,5.6199998859999996,0
United Kingdom,GB,2009,0.3546750610290701,0.060700740258228914,0.20884409337510698,0.21995559701686782,0.415375801287299,0.4287996903919748,1322,-4.247356266,7.5399999619999996,0
United Kingdom,GB,2010,0.3228237836322699,0.05252290289560932,0.22555832504227,0.24389621167144102,0.37534668652787917,0.469454536713711,2616,2.131438198,7.7899999619999996,0
United Kingdom,GB,2011,0.30129619839654176,0.05715602173061158,0.22477742381405105,0.26759065365513285,0.35845222012715333,0.49236807746918393,2621,1.457563391,8.039999962,0
United Kingdom,GB,2012,0.2999051255375518,0.052075947773533054,0.23715608738606056,0.25294792937567945,0.3519810733110848,0.49010401676174004,2609,1.469887521,7.8800001140000004,0
United Kingdom,GB,2013,0.33442881299203137,0.05837951533353832,0.2254697005846431,0.24379093660702855,0.3928083283255697,0.46926063719167166,1305,1.890018342,7.519999981,0
Greece,GR,2004,0.5542311636825352,0.14224549487641758,0.2093568194066947,0.04977749460293101,0.6964766585589528,0.2591343140096257,2005,5.060992902,10.31000042,0
Greece,GR,2005,0.552025468975469,0.10614446248196248,0.25731594516594514,0.06951412337662338,0.6581699314574314,0.3268300685425685,2000,0.59914188,9.989999771,0
Greece,GR,2006,0.5610115079365079,0.08176825396825396,0.27040436507936505,0.07281587301587301,0.6427797619047619,0.3432202380952381,1000,5.652433708,9.010000229,0
Greece,GR,2007,0.5899753968253968,0.09074880952380952,0.24030714285714286,0.06796865079365079,0.6807242063492064,0.30827579365079366,1000,3.273746933,8.399999619,0
Greece,GR,2008,0.5443632575757575,0.10565064935064934,0.2574606240981241,0.07252546897546898,0.6500139069264069,0.32998609307359306,2000,-0.335172558,7.760000229,0
Greece,GR,2009,0.5519239898989899,0.12120898268398268,0.22169534632034632,0.0741716810966811,0.6731329725829726,0.2958670274170274,1000,-4.300733458,9.619999886,0
Greece,GR,2010,0.4658531746031746,0.08307142857142857,0.29834226190476193,0.10173313492063492,0.5489246031746031,0.40007539682539683,2000,-5.478627432,12.71000004,1
Greece,GR,2011,0.42941011904761905,0.09303611111111111,0.34591329365079365,0.0976404761904762,0.5224462301587302,0.4435537698412698,2000,-10.14931483,17.86000061,1
Greece,GR,2012,0.4136952333380905,0.06824841824841825,0.36892353678067963,0.0861957486957487,0.4819436515865087,0.4551192854764283,2002,-7.086696786,24.44000053,1
Greece,GR,2013,0.3925771645021645,0.07387189754689755,0.3808949494949495,0.09565598845598845,0.46644906204906206,0.47655093795093795,1000,-2.515997222,27.46999931,1
Hungary,HU,2004,0.519646469572505,0.14929193368542482,0.20847632534023067,0.07031702682590256,0.6689384032579299,0.2787933521661332,1014,5.000448324,5.829999924,0
Hungary,HU,2005,0.5172816081083211,0.12702983874781293,0.20897487429264985,0.0816689916615438,0.6443114468561341,0.29064386595419367,2014,4.295278477,7.190000057,0
Hungary,HU,2006,0.5412040927482104,0.12644218798630563,0.17062052598817304,0.08036064425770308,0.667646280734516,0.25098117024587613,1020,3.947769723,7.489999771,0
Hungary,HU,2007,0.5417673970606376,0.08955398202416096,0.22911868615148934,0.10775078963448745,0.6313213790847986,0.33686947578597676,1006,0.276980757,7.409999847,0
Hungary,HU,2008,0.5361735486735487,0.08274562738848452,0.2078425542711257,0.10380770023627166,0.6189191760620332,0.31165025450739736,2002,1.006464779,7.820000172,1
Hungary,HU,2009,0.49122639606510576,0.08523328523328523,0.23882449688901303,0.10651445328864684,0.576459681298391,0.34533895017765986,1023,-6.595474129,10.02999973,1
Hungary,HU,2010,0.5373073888424765,0.08281815650236703,0.2197848015099477,0.09235086172220675,0.6201255453448435,0.31213566323215447,2052,1.083118668,11.17000008,1
Hungary,HU,2011,0.4825690826058473,0.09737862899627606,0.2223184971346736,0.11636124224359519,0.5799477116021233,0.3386797393782688,2040,1.860155072,11.02999973,0
Hungary,HU,2012,0.4794889169275823,0.08625130457809554,0.22222319578796518,0.13254688692618036,0.5657402215056778,0.3547700827141455,2038,-1.257749507,11,0
Hungary,HU,2013,0.5217852119750854,0.105142501661489,0.1861868440982365,0.11288349484552015,0.6269277136365744,0.2990703389437567,1027,1.806363928,10.18000031,0
Ireland,IE,2004,0.477173768815448,0.19612387168609058,0.13935171663807347,0.0789048657489437,0.6732976405015385,0.21825658238701717,2001,6.785872817,4.489999771,0
Ireland,IE,2005,0.49630378581991486,0.19761068680423519,0.15271962804220868,0.08140560156689189,0.6939144726241501,0.23412522960910057,2015,5.73621145,4.340000153,0
Ireland,IE,2006,0.5370697431514979,0.19527765908623337,0.16295201696497807,0.04986508727784899,0.7323474022377312,0.21281710424282707,1003,4.980502016,4.409999847,0
Ireland,IE,2007,0.5163952380952381,0.1760484126984127,0.17978571428571427,0.06477063492063492,0.6924436507936508,0.2445563492063492,1000,5.30546835,4.980000019,0
Ireland,IE,2008,0.5100036939108795,0.15644664854994197,0.16591823567871472,0.07831006457503463,0.6664503424608215,0.24422830025374936,2004,-4.486599314,6.769999981,0
Ireland,IE,2009,0.5132633220170312,0.15413691155530918,0.17919095686158001,0.0742792348875435,0.6674002335723404,0.2534701917491235,1011,-5.100471121,12.60999966,0
Ireland,IE,2010,0.4809625912050454,0.14900135874900844,0.18551341862821327,0.09991105299121132,0.6299639499540539,0.28542447161942464,2021,1.755080743,14.52999973,1
Ireland,IE,2011,0.46135963789904677,0.11716967351203804,0.2026847823769006,0.12371201458639883,0.5785293114110848,0.32639679696329943,2030,1.068526654,15.350000380000001,1
Ireland,IE,2012,0.4330232142857143,0.12907222222222223,0.20626785714285714,0.13663670634920635,0.5620954365079365,0.3429045634920635,2000,-0.052354785,15.44999981,1
Ireland,IE,2013,0.4253767190892939,0.10705877622045287,0.2068440042990941,0.1659101211496421,0.5324354953097468,0.3727541254487362,1002,1.267014661,13.72999954,1
Italy,IT,2004,0.5986166346557544,0.1086423587279333,0.1381247277579796,0.07588767250136443,0.7072589933836878,0.214012400259344,2045,1.423594158,7.8699998859999996,0
Italy,IT,2005,0.563598794474543,0.12815321737477425,0.16625182175331876,0.07612790292431011,0.6917520118493172,0.24237972467762886,2004,0.817848974,7.730000019,0
Italy,IT,2006,0.5815309523809524,0.12036904761904761,0.13403333333333334,0.062066666666666666,0.7019,0.1961,1000,1.790639681,6.78000021,0
Italy,IT,2007,0.5668234323432343,0.12723479490806222,0.18108793022159358,0.04762611975483263,0.6940582272512965,0.22871404997642622,1010,1.48707298,6.079999924,0
Italy,IT,2008,0.49945610345274294,0.1290158806361399,0.1889565187572869,0.07359406076400796,0.6284719840888828,0.26255057952129485,2083,-0.962012841,6.71999979,0
Italy,IT,2009,0.5630883434454863,0.12928617392903108,0.18790257093828522,0.07628661825090396,0.6923745173745174,0.2641891891891892,1036,-5.280937208,7.75,0
Italy,IT,2010,0.5378724963361016,0.10913183055342313,0.1888233652034336,0.07623874659780865,0.6470043268895247,0.26506211180124223,2047,1.713295839,8.359999657,0
Italy,IT,2011,0.47150314393068016,0.1274169925619201,0.20413062648569893,0.10854343992025152,0.5989201364926002,0.31267406640595047,2070,0.707333347,8.359999657,0
Italy,IT,2012,0.43122678149273896,0.10508350987074391,0.2145864035491695,0.1432038853581407,0.5363102913634828,0.3577902889073102,2068,-2.980905768,10.649999619999999,0
Italy,IT,2013,0.45681001051920933,0.11163314649961534,0.2226979416890396,0.11687077072833749,0.5684431570188246,0.33956871241737713,1011,-1.841065451,12.149999619999999,0
Lithuania,LT,2004,0.5213061971295504,0.23733168583467984,0.10490170452745302,0.05761809713905522,0.7586378829642303,0.16251980166650826,1002,6.569490118,10.68000031,0
Lithuania,LT,2005,0.517098693309766,0.17951419426950815,0.12340588641873862,0.08260109747999021,0.6966128875792741,0.20600698389872882,2023,7.732367604,8.319999695,0
Lithuania,LT,2006,0.5439050890228515,0.18502227518419864,0.09505311774693521,0.07788409115690764,0.7289273642070502,0.17293720890384287,1019,7.414121335,5.78000021,0
Lithuania,LT,2007,0.6022402313905261,0.17614252970343344,0.09793791124832382,0.07161645928836498,0.7783827610939595,0.16955437053668881,1018,11.10748014,4.25,0
Lithuania,LT,2008,0.5998728674540682,0.14755479783777029,0.10109341801024872,0.08454978283964504,0.7474276652918386,0.18564320084989377,2032,2.614423033,5.829999924,0
Lithuania,LT,2009,0.5731078061723223,0.14109528464367174,0.10954126518642647,0.10489689521947586,0.7142030908159941,0.21443816040590233,1023,-14.83860837,13.78999996,0
Lithuania,LT,2010,0.5864216701173223,0.12208399993726081,0.11085172375933246,0.10653193424932555,0.7085056700545831,0.217383658008658,2024,1.651240653,17.80999947,0
Lithuania,LT,2011,0.5647950895757913,0.13932883907299112,0.09832586868405582,0.12250146972369194,0.7041239286487825,0.22082733840774776,2052,6.03900816,15.39000034,0
Lithuania,LT,2012,0.5787031431658517,0.11907896786454196,0.11512791945814517,0.11594178501685862,0.6977821110303937,0.23106970447500377,2038,3.843864749,13.35999966,0
Lithuania,LT,2013,0.5937862429116073,0.10668305347605639,0.11618746225160219,0.1124005785813366,0.7004692963876638,0.2285880408329388,1029,3.550072843,11.77000046,0
Luxembourg,LU,2004,0.5180549181218227,0.11689763304393098,0.2626746358013084,0.07561099322919126,0.6349525511657537,0.3382856290304997,1121,4.231891307,5.110000134,0
Luxembourg,LU,2005,0.5384790094849267,0.121117316827376,0.24241411941116084,0.0802380749865957,0.6595963263123027,0.3226521943977565,1014,2.482874748,4.489999771,0
Luxembourg,LU,2006,0.5059445745330438,0.11553818944475008,0.2579653337605624,0.10067118655587841,0.6214827639777938,0.3586365203164408,503,6.016715044,4.730000019,0
Luxembourg,LU,2007,0.5501191024674391,0.10375803257407953,0.23599988291769114,0.08663961609167088,0.6538771350415186,0.322639499009362,511,8.098667607,4.070000172,0
Luxembourg,LU,2008,0.5474997086385698,0.10624717440401756,0.2206653985375264,0.09361968645185428,0.6537468830425873,0.3142850849893807,1001,-0.300176194,5.059999943,0
Luxembourg,LU,2009,0.6587415130243816,0.10886813496375249,0.15807462789534502,0.06435556475397113,0.767609647988134,0.22243019264931616,502,-3.238954027,5.1199998859999996,0
Luxembourg,LU,2010,0.5923369116149076,0.08638336941382128,0.18895464936722303,0.10383783974157255,0.67872028102872894,0.2927924891087956,1018,3.760413593,4.360000134,0
Luxembourg,LU,2011,0.6076245631801187,0.08662268384490607,0.1579391162724496,0.12479061367950257,0.6942472470250248,0.28272972995195217,999,1.044298695,4.900000095,0
Luxembourg,LU,2012,0.5920308328385633,0.06909959053170153,0.18390850422564992,0.12225542324650353,0.6611304233702648,0.30616392747215343,1009,1.64990203,5.139999866,0
Luxembourg,LU,2013,0.5176391979857327,0.08383597150923884,0.22034813920952534,0.13857273089946356,0.6014751694949715,0.35892087010898893,505,3.171790499,5.849999905,0
Latvia,LV,2004,0.3928296468594976,0.11885568549747653,0.20059568678971665,0.20314186642544851,0.5116853323569741,0.40373755321516513,1005,8.281972087,11.71000004,0
Latvia,LV,2005,0.4648899359104437,0.12302547306209416,0.17593175054112553,0.15558643423633658,0.5879154089725379,0.33151818477746214,2048,10.71522829,10.02999973,0
Latvia,LV,2006,0.5590930707581002,0.10293019303333645,0.14292068169769545,0.12334682071911934,0.6620232637914367,0.2662675024168148,1018,11.96520396,7.03000021,0
Latvia,LV,2007,0.5782601790005542,0.08791276180219912,0.09806530258159084,0.12618623835306955,0.6661729408027532,0.22425154093466038,1013,9.943002121,6.050000191,0
Latvia,LV,2008,0.48809109215825636,0.09145107794361526,0.1426166785122009,0.20918443496801706,0.5795421701018716,0.351801113480218,2010,-3.242799942,7.739999771,1
Latvia,LV,2009,0.535669767056447,0.08878240712236736,0.16154254956441835,0.15535716492475934,0.6244521741788144,0.3168997144891777,1006,-14.24828338,17.51000023,1
Latvia,LV,2010,0.5553518473882382,0.0731604180133592,0.1510376380017457,0.15165647745408464,0.6285122654015974,0.3026941154558303,2006,-4.470941885,19.47999954,1
Latvia,LV,2011,0.5406367483376412,0.07947843327307613,0.12680493696118697,0.17073861158682588,0.6201151816107173,0.29754354854801285,2016,2.564422968,16.20999908,1
Latvia,LV,2012,0.5673918857268708,0.08369240329101578,0.11161609010964808,0.14810239589724228,0.6510842890178866,0.25971848600689035,2018,7.037317185,15.05000019,0
Latvia,LV,2013,0.5520966004498938,0.09082866014003739,0.11926068497924786,0.13601764724519216,0.6429252605899313,0.25527833222444,1002,2.010744815,11.86999989,0
Malta,MT,2004,0.5678606782106782,0.1324969696969697,0.15177157287157286,0.10587077922077921,0.7003576479076479,0.2576423520923521,500,0.140268127,7.320000172,0
Malta,MT,2005,0.5371205988455988,0.14952633477633478,0.154644227994228,0.08970883838383838,0.6866469336219336,0.24435306637806636,1000,3.383593576,6.920000076,0
Malta,MT,2006,0.5197912698412699,0.1413095238095238,0.17752301587301586,0.09737619047619048,0.6611007936507937,0.27489920634920634,500,2.510142345,6.800000191,0
Malta,MT,2007,0.5881063492063492,0.12051825396825397,0.13771507936507937,0.07766031746031746,0.7086246031746032,0.21537539682539683,500,4.7747056,6.46999979,0
Malta,MT,2008,0.5761420634920635,0.1302988095238095,0.138325,0.06123412698412698,0.706440873015873,0.19955912698412698,1000,3.826359416,5.980000019,0
Malta,MT,2009,0.5387322899322899,0.11354275724275724,0.1737575924075924,0.07996736041736041,0.6522750471750471,0.25372495282495283,500,-1.133873468,6.889999866,0
Malta,MT,2010,0.5488096153846154,0.12033876678876679,0.13634420024420024,0.11750741758241758,0.6691483821733821,0.2538516178266178,1000,5.543639385,6.849999905,0
Malta,MT,2011,0.5296538073038073,0.09968656621156621,0.13806948884448883,0.11859013764013764,0.6293403735153735,0.2566596264846265,1000,0.467050856,6.3800001140000004,0
Malta,MT,2012,0.551571608946609,0.1068508658008658,0.12683618326118326,0.130741341991342,0.6584224747474747,0.25757752525252525,1000,4.117707299,6.199999809,0
Malta,MT,2013,0.5379730158730158,0.13417142857142858,0.1185611111111111,0.09729444444444445,0.6721444444444444,0.21585555555555555,500,5.473355695,6.110000134,0
Netherlands,NL,2004,0.48487233121914075,0.10004451358567286,0.2124788955159145,0.14610158067293966,0.5849168448048137,0.3585804761888542,2053,1.984945714,4.650000095,0
Netherlands,NL,2005,0.5070306491532676,0.09908034211893518,0.19780180195422012,0.1584711833246274,0.6061109912722028,0.3562729852788475,2047,2.050876108,5.8699998859999996,0
Netherlands,NL,2006,0.5072334228924913,0.10576307570856629,0.1897676489351415,0.149663999143682,0.6129964986010575,0.3394316480788235,1009,3.460988954,5,0
Netherlands,NL,2007,0.5040842732864537,0.1180314757371249,0.1621595396124633,0.15328665388130205,0.6221157490235786,0.31544619349376535,1009,3.772842521,4.150000095,0
Netherlands,NL,2008,0.5383501464913568,0.120246214986849,0.15954604420022286,0.13238593245797856,0.6585963614782059,0.2919319766582014,2082,2.170324851,3.6500000950000002,0
Netherlands,NL,2009,0.5376562652708071,0.11576295826793835,0.16426189182663287,0.13949019937565754,0.6534192235387455,0.3037520912022904,1004,-3.666883937,4.349999905,0
Netherlands,NL,2010,0.5251077506679065,0.10128445051728052,0.15716359194196505,0.17455428967849815,0.626392201185187,0.33171788162046323,2053,1.342739336,4.989999771,0
Netherlands,NL,2011,0.4913404919342574,0.10519689365557748,0.1602885074681215,0.20012611090048002,0.5965373855898348,0.36041461836860156,2021,1.551189312,4.980000019,0
Netherlands,NL,2012,0.5166090073634453,0.09737479127272027,0.1392534582993163,0.21323217107240774,0.6139837986361655,0.35248562937172406,2028,-1.030353991,5.820000172,0
Netherlands,NL,2013,0.45665946851059486,0.07373105727660086,0.18760108647473975,0.23303679126401947,0.5303905257871957,0.4206378777387592,1021,-0.130175288,7.239999771,0
Poland,PL,2004,0.5940829365079365,0.10763888888888888,0.13595039682539684,0.11132777777777778,0.7017218253968254,0.2472781746031746,1000,4.982825593,19.06999969,0
Poland,PL,2005,0.5900568362193362,0.10061670274170274,0.13498138528138529,0.11484507575757576,0.690673538961039,0.24982646103896103,2000,3.506849729,17.75,0
Poland,PL,2006,0.6368484126984127,0.08551150793650794,0.13421388888888888,0.09242619047619048,0.7223599206349206,0.22664007936507935,1000,6.131138073,13.84000015,0
Poland,PL,2007,0.656979365079365,0.11564246031746031,0.1080297619047619,0.07534841269841269,0.7726218253968254,0.1833781746031746,1000,7.061543459,9.600000381,0
Poland,PL,2008,0.6341404761904762,0.09786309523809524,0.09315416666666666,0.08584226190476191,0.7320035714285714,0.17899642857142856,2000,4.19996859,7.1199998859999996,0
Poland,PL,2009,0.5839059523809523,0.0840404761904762,0.10250952380952381,0.12154404761904762,0.6679464285714286,0.22405357142857144,1000,2.832178037,8.1700000760000009,0
Poland,PL,2010,0.5919457722832723,0.08068533272283272,0.10664070512820513,0.11722818986568986,0.672631105006105,0.22386889499389498,2000,3.740521281,9.640000343,0
Poland,PL,2011,0.5592582251082251,0.08463313492063491,0.12027288961038961,0.13783575036075035,0.64389136002886,0.25810863997114,2000,4.757635638,9.630000114,0
Poland,PL,2012,0.5466892857142858,0.08060456349206349,0.12950396825396826,0.15520218253968254,0.6272938492063492,0.2847061507936508,2000,1.324896305,10.09000015,0
Poland,PL,2013,0.5655131868131869,0.07220702075702076,0.12450094627594628,0.15577884615384616,0.6377202075702075,0.28027979242979245,1000,1.125763386,10.32999992,0
Portugal,PT,2004,0.4492387445887446,0.12757622655122655,0.22478300865800865,0.0509020202020202,0.5768149711399712,0.2756850288600289,2000,1.788735682,6.320000172,0
Portugal,PT,2005,0.48015676361044884,0.10856483185915457,0.24735903483413443,0.048879529058811926,0.5887215954696035,0.29623856389294634,2008,0.781848216,7.579999924,0
Portugal,PT,2006,0.39959662205171187,0.08019206896452405,0.27172332823530426,0.07583329012969732,0.47978869101623595,0.3475566183650016,1002,1.625034176,7.650000095,0
Portugal,PT,2007,0.5038846498045311,0.07299232254721869,0.23622297583721916,0.058314492958409875,0.5768769723517498,0.29453746879562903,1011,2.506579646,7.96999979,0
Portugal,PT,2008,0.45335962970895505,0.10929812871342107,0.24849301539706337,0.07040844657036562,0.5626577584223761,0.31890146196742897,2001,0.319247925,7.550000191,0
Portugal,PT,2009,0.46414187167845705,0.11670738746348502,0.26184873121458485,0.07047274135079012,0.5808492591419421,0.332321472565375,1025,-3.12207942,9.430000305,0
Portugal,PT,2010,0.40471023782330684,0.09415172987125997,0.2993114312130465,0.08582072737726189,0.4988619676945668,0.38513215859030836,2043,1.737625476,10.77000046,0
Portugal,PT,2011,0.369704501460599,0.08076755358462676,0.32749713159469257,0.10593325238447189,0.45047205504522575,0.43343038397916445,2050,-1.696164781,12.68000031,1
Portugal,PT,2012,0.3537960023515579,0.07296825396825397,0.32339819713893786,0.1071214971585342,0.42676425631981185,0.43051969429747206,2025,-4.057293608,15.52999973,1
Portugal,PT,2013,0.35616937013849365,0.0664247770821476,0.3311349838740277,0.12176887687345854,0.42259414722064126,0.45290386074748623,1004,-0.922644675,16.19000053,1
Romania,RO,2004,0.6117289495747994,0.24809076792772444,0.07459276560067074,0.029026252074671046,0.8598197175025238,0.10361901767534179,1012,10.42811302,7.71999979,0
Romania,RO,2005,0.5717201336587564,0.22553190184178207,0.10527363798321882,0.04308310895137243,0.7972520355005385,0.14835674693459125,2004,4.668148051,7.170000076,0
Romania,RO,2006,0.5694552254897083,0.2398284984491881,0.1007136222653464,0.03253138942794115,0.8092837239388964,0.13324501169328756,957,8.028811076,7.269999981,0
Romania,RO,2007,0.6043606731290735,0.2126605893288916,0.0776954399869022,0.044439332883886365,0.8170212624579651,0.12213477287078857,1019,7.233807744,6.409999847,0
Romania,RO,2008,0.5828545475866904,0.19799903014188727,0.10085147585147584,0.06375826688326688,0.7808535777285778,0.16460974273474274,2072,9.307467171,5.7899999619999996,0
Romania,RO,2009,0.5683919437837166,0.2099859303826003,0.1024054381791894,0.04967702066134975,0.7783778741663169,0.15208245884053914,1021,-5.517394408,6.860000134,1
Romania,RO,2010,0.5701655167637355,0.14821575834688155,0.14478984372601394,0.06904065751171144,0.718381275110617,0.21383050123772537,2021,-3.90123628,6.9600000380000004,1
Romania,RO,2011,0.5648881095415018,0.17243212103094108,0.11583880721048863,0.06522837617970362,0.737320230572443,0.18106718339019223,2034,1.906067707,7.179999828,1
Romania,RO,2012,0.571759296711381,0.1494529800710922,0.13229118483071525,0.07893544590957145,0.7212122767824732,0.2112266307402867,2087,2.040665131,6.7899999619999996,1
Romania,RO,2013,0.5715358638488832,0.1450480267654783,0.13774701240075202,0.09211415700335368,0.7165838906143616,0.2298611694041057,1083,3.770962304,7.099999905,1
Sweden,SE,2004,0.47715483682983684,0.04268732794982795,0.21559987234987235,0.2525579628704629,0.5198421647796648,0.4681578352203352,2000,4.336856154,6.690000057,0
Sweden,SE,2005,0.4957548352905669,0.04644953976504779,0.2193631612810028,0.22870956623995028,0.5422043750556147,0.44807272752095306,2057,2.85880324,7.489999771,0
Sweden,SE,2006,0.5380807846147079,0.05079533980713922,0.18614481770823954,0.2092465111639153,0.5888761244218471,0.39539132887215483,1017,4.662773552,7.070000172,0
Sweden,SE,2007,0.535213241705779,0.05525847839280675,0.16112879657655776,0.23048903556366243,0.5904717200985857,0.3916178321402202,1005,3.439221776,6.159999847,0
Sweden,SE,2008,0.559961370414332,0.057805883900956076,0.15986520669198617,0.19897281524956986,0.6177672543152881,0.358838021941556,2009,-0.450559257,6.230000019,0
Sweden,SE,2009,0.5801643070538419,0.06168410347189417,0.14602409864037771,0.19565462261683192,0.6418484105257362,0.3416787212572096,1032,-4.339790575,8.350000381,0
Sweden,SE,2010,0.548041798512813,0.043099801433134764,0.14543864616328384,0.23636661379415003,0.5911415999459477,0.38180525995743386,2070,5.952107008,8.609999657,0
Sweden,SE,2011,0.562474883941486,0.04229471184940691,0.13595308101600453,0.23991623897238612,0.604769595790893,0.3758693199883906,2066,3.195333235,7.800000191,0
Sweden,SE,2012,0.5272554038301108,0.034449028076957766,0.14534852625672937,0.263650166836202,0.5617044319070686,0.40899869309293135,2048,-0.588304569,7.980000019,0
Sweden,SE,2013,0.5165169976742677,0.0340425098585336,0.1515640091307747,0.27018113219893636,0.5505595075328013,0.4217451413297111,1011,1.187775716,8.050000191,0
Slovenia,SI,2004,0.5377380647130647,0.13768125763125763,0.17399216894216893,0.11258850871350871,0.6754193223443223,0.28658067765567763,1000,4.359192778,6.010000229,0
Slovenia,SI,2005,0.5079161218771608,0.10701905784878368,0.2163916517451871,0.11480111465681452,0.6149351797259445,0.3311927664020016,2079,3.797972642,6.510000229,0
Slovenia,SI,2006,0.5199271794141107,0.11381464346130367,0.18899997764954202,0.11627078417978708,0.6337418228754144,0.3052707618293291,1033,5.746396901,5.949999809,0
Slovenia,SI,2007,0.5309987862307705,0.11694651460199337,0.1924112604517343,0.1142337644805562,0.6479453008327638,0.30664502493229046,1013,6.980160755,4.820000172,0
Slovenia,SI,2008,0.5076269273008944,0.11825931659182032,0.2123614674137322,0.12392252264079043,0.6258862438927147,0.33628399005452264,2009,3.509841517,4.3699998859999996,0
Slovenia,SI,2009,0.5072778999872596,0.0771640619916482,0.22749092724462183,0.14964346545627333,0.5844419619789077,0.37713439270089516,1015,-7.548437791,5.860000134,0
Slovenia,SI,2010,0.48455050824713186,0.08357777332454591,0.22308826007932264,0.1675719389845507,0.5681282815716778,0.39066019906387334,2014,1.343748472,7.239999771,0
Slovenia,SI,2011,0.48444761899307354,0.07250928432746614,0.21150159831978013,0.19321226003044184,0.5569569033205397,0.404713858350222,2035,0.861327733,8.1700000760000009,0
Slovenia,SI,2012,0.4740675391264493,0.06855459355459355,0.21265814041955425,0.18139130274623647,0.5426221326810429,0.3940494431657907,2037,-2.639438757,8.840000153,0
Slovenia,SI,2013,0.44741267908923693,0.06315556352648341,0.2414634985851603,0.19455579589110747,0.5105682426157203,0.43601929447626775,1011,-1.029282772,10.100000380000001,0
Slovak Republic,SK,2004,0.5100122055792983,0.15759938499555112,0.21541357781373754,0.08183106164336196,0.6676115905748493,0.2972446394570995,1252,5.278879546,18.60000038,0
Slovak Republic,SK,2005,0.5107673431629874,0.14372524531326708,0.21979811124547965,0.1021158338535834,0.6544925884762546,0.32191394509906307,2204,6.623462407,16.26000023,0
Slovak Republic,SK,2006,0.5517778346164246,0.1397108380178881,0.19581152201745894,0.0895087107285623,0.6914886726343127,0.28532023274602125,1078,8.49317632,13.36999989,0
Slovak Republic,SK,2007,0.5727657940813456,0.15771692643302046,0.18643510146674702,0.06861563190677114,0.730482720514366,0.2550507333735182,1106,10.83202895,11.14000034,0
Slovak Republic,SK,2008,0.5394371357427311,0.14493357617460917,0.18446790469745994,0.09098921695765311,0.6843707119173403,0.27545712165511305,2091,5.574887267,9.510000229,0
Slovak Republic,SK,2009,0.5618190836940837,0.11966505716505717,0.18897866022866022,0.08819104506604507,0.6814841408591409,0.2771697052947053,1040,-5.455533722,12.02999973,0
Slovak Republic,SK,2010,0.5328452173568792,0.10137420348790611,0.20591280817228338,0.11516417525892744,0.6342194208447852,0.3210769834312108,2058,6.293285967,14.38000011,0
Slovak Republic,SK,2011,0.4932767798812575,0.07510540730689984,0.22014464115210383,0.16420949006769903,0.5683821871881574,0.3843541312198029,2010,2.637398428,13.61999989,0
Slovak Republic,SK,2012,0.47714526584526584,0.06328096348096349,0.2165376665001665,0.18753610417360417,0.5404262293262293,0.40407377067377065,2000,1.358226806,13.96000004,0
Slovak Republic,SK,2013,0.4798225468975469,0.05645133477633477,0.22668827561327562,0.1830378427128427,0.5362738816738817,0.4097261183261183,1000,0.654765294,14.22000027,0
